,"quantity, tonn"
count,17279.0
mean,0.016534868916025233
std,0.03888069221004367
min,0.001
25%,0.01
50%,0.01
75%,0.01
max,0.8
