,"Nb, %"
count,17279.0
mean,0.0004406157763759477
std,0.000164441734148652
min,0.0001
25%,0.0003
50%,0.0004
75%,0.0005
max,0.004
