,"Mn,%"
count,17279.0
mean,0.7660837374848081
std,0.2710516808037276
min,0.4453
25%,0.5207
50%,0.704
75%,1.0013
max,1.5794
