,"Pb, %"
count,17279.0
mean,0.0022097112101394758
std,0.0016895940353638876
min,0.0
25%,0.0
50%,0.0027
75%,0.0036
max,0.0053
