,"steel_weight_theoretical, tonn"
count,17279.0
mean,164.37839724521095
std,5.149403972374756
min,126.841
25%,160.496
50%,163.696
75%,166.72
max,189.3
