component,explained_variance_ratio
PC1,0.1541722442982256
PC2,0.09745355422367395
