metric,value
MAE,17079.780288756127
RMSE,286352.96301993873
R2,0.9458329512890901
