metric,value
Accuracy,0.8409926470588235
Precision_macro,0.5228599114064231
Recall_macro,0.6709072899702102
F1_macro,0.5765686310896041
