,"slag_weight_close_grab1, tonn"
count,17279.0
mean,1.8000000000000005
std,4.441020609550629e-16
min,1.8
25%,1.8
50%,1.8
75%,1.8
max,1.8
