,"temperature_measurement1, Celsius deg."
count,17279.0
mean,1541.08501649401
std,7.418625610451286
min,1522.0
25%,1538.0
50%,1541.0
75%,1544.0
max,1939.0
