,"crystallizer_movement, mm"
count,17279.0
mean,9.03848602349673
std,2.689591935651267
min,5.0
25%,7.0
50%,7.0
75%,13.0
max,13.0
