{
  "micro_f1": 0.6680919294494923,
  "macro_f1": 0.6662964052720504,
  "hamming_loss": 0.10858541703094947,
  "thresholds": {
    "sadness": 0.62,
    "surprise": 0.32,
    "fear": 0.31,
    "anger": 0.54,
    "neutral": 0.37,
    "trust": 0.33,
    "joy": 0.30000000000000004
  },
  "per_label": {
    "sadness": {
      "precision": 0.7535211267605634,
      "recall": 0.6524390243902439,
      "f1": 0.6993464052287581,
      "support": 164,
      "threshold": 0.62
    },
    "surprise": {
      "precision": 0.5545454545454546,
      "recall": 0.7011494252873564,
      "f1": 0.6192893401015228,
      "support": 87,
      "threshold": 0.32
    },
    "fear": {
      "precision": 0.6666666666666666,
      "recall": 0.7551020408163265,
      "f1": 0.7081339712918661,
      "support": 98,
      "threshold": 0.31
    },
    "anger": {
      "precision": 0.726027397260274,
      "recall": 0.7310344827586207,
      "f1": 0.7285223367697594,
      "support": 145,
      "threshold": 0.54
    },
    "neutral": {
      "precision": 0.6057692307692307,
      "recall": 0.6,
      "f1": 0.6028708133971292,
      "support": 210,
      "threshold": 0.37
    },
    "trust": {
      "precision": 0.5425531914893617,
      "recall": 0.5425531914893617,
      "f1": 0.5425531914893617,
      "support": 94,
      "threshold": 0.33
    },
    "joy": {
      "precision": 0.746268656716418,
      "recall": 0.78125,
      "f1": 0.7633587786259542,
      "support": 128,
      "threshold": 0.30000000000000004
    }
  }
}