,"Ce, %"
count,17279.0
mean,0.336036171074715
std,0.054464238766185266
min,0.261
25%,0.315
50%,0.323
75%,0.334
max,0.617
