,"water_temperature_delta, Celsius deg."
count,17279.0
mean,8.958041553330633
std,0.28874998790241035
min,6.0
25%,9.0
50%,9.0
75%,9.0
max,9.0
