,"Ca, %"
count,17279.0
mean,0.0010014699924764164
std,0.0005241710923710913
min,0.0001
25%,0.0007
50%,0.0009
75%,0.0012
max,0.009
