{
  "accuracy": 0.7286652078774617,
  "precision": 0.7272567895918556,
  "recall": 0.7325870413739266,
  "f1": 0.7295892650997281
}