,"Cr, %"
count,17279.0
mean,0.045957977892239134
std,0.01168832981767787
min,0.0166
25%,0.0386
50%,0.0443
75%,0.0519
max,0.1042
