,"alloy_speed, meter/minute"
count,17279.0
mean,2.1214190636032177
std,0.33536600249451304
min,1.0
25%,2.0
50%,2.0
75%,2.0
max,3.0
