{
  "micro_f1": 0.6908724155320222,
  "macro_f1": 0.6876644295319931,
  "hamming_loss": 0.10718657107885994,
  "thresholds": {
    "sadness": 0.39,
    "surprise": 0.25,
    "fear": 0.26,
    "anger": 0.35,
    "neutral": 0.24000000000000002,
    "trust": 0.27,
    "joy": 0.33999999999999997
  },
  "per_label": {
    "sadness": {
      "precision": 0.7109826589595376,
      "recall": 0.75,
      "f1": 0.7299703264094956,
      "support": 164,
      "threshold": 0.39
    },
    "surprise": {
      "precision": 0.5454545454545454,
      "recall": 0.6896551724137931,
      "f1": 0.6091370558375635,
      "support": 87,
      "threshold": 0.25
    },
    "fear": {
      "precision": 0.6724137931034483,
      "recall": 0.7959183673469388,
      "f1": 0.7289719626168224,
      "support": 98,
      "threshold": 0.26
    },
    "anger": {
      "precision": 0.7402597402597403,
      "recall": 0.7862068965517242,
      "f1": 0.7625418060200669,
      "support": 145,
      "threshold": 0.35
    },
    "neutral": {
      "precision": 0.5692883895131086,
      "recall": 0.7238095238095238,
      "f1": 0.6373165618448637,
      "support": 210,
      "threshold": 0.24000000000000002
    },
    "trust": {
      "precision": 0.514018691588785,
      "recall": 0.5851063829787234,
      "f1": 0.5472636815920398,
      "support": 94,
      "threshold": 0.27
    },
    "joy": {
      "precision": 0.7923076923076923,
      "recall": 0.8046875,
      "f1": 0.7984496124031008,
      "support": 128,
      "threshold": 0.33999999999999997
    }
  }
}