{
  "accuracy": 0.9217333333333333,
  "precision": 0.9160747171796896,
  "recall": 0.9285333333333333,
  "f1": 0.9222619520593299
}