,"Al, %"
count,17279.0
mean,0.002789461195671046
std,0.0008168808347409868
min,0.0013
25%,0.0023
50%,0.0027
75%,0.0032
max,0.0193
