Anomaly_IsoForest,mean,median
-1,0.003357291666666667,0.0032
1,0.0027595735607675908,0.0027
