Anomaly_IsoForest,mean,median
-1,2.2141203703703702,2.0
1,2.1165397502284495,2.0
