Anomaly_IsoForest,mean,median
-1,0.0013177083333333335,0.0014
1,0.0010196405726469694,0.001
