Anomaly_IsoForest,mean,median
-1,0.21627037037037036,0.20700000000000002
1,0.1918108315565032,0.1923
