Anomaly_IsoForest,mean,median
-1,0.0009430555555555555,0.0008500000000000001
1,0.0010045446238196771,0.0009
