RUL_class,mean,median,std
Critical,22.602623456790123,21.0,13.590423646173637
Low,21.032175925925927,19.0,13.881869619472884
Medium,19.431712962962962,18.0,13.18921211691115
Healthy,18.92706645056726,17.0,13.100460039618323
