Anomaly_IsoForest,mean,median
-1,11.717592592592593,7.0
1,20.62686567164179,19.0
