Anomaly_IsoForest,mean,median
-1,0.45253472222222224,0.331
1,0.32990429485226924,0.323
