Anomaly_IsoForest,mean,median
-1,0.04375474537037037,0.0416
1,0.04607394456289979,0.0445
