Anomaly_IsoForest,mean,median
-1,8.958333333333334,7.0
1,9.042704843131283,7.0
