Anomaly_IsoForest,mean,median
-1,0.03361782407407407,0.03405
1,0.03471052086506244,0.0362
