Anomaly_IsoForest,mean,median
-1,0.49259259259259264,0.4
1,0.41934815717331714,0.4
