KMeans_Cluster,mean,median,std
0,0.4,0.4,0.0
1,0.4760520275439939,0.4,1.7890854663170719
2,0.4,0.4,0.0
3,0.4,0.4,0.0
4,0.4,0.4,0.0
