Anomaly_IsoForest,mean,median
-1,7.546296296296295e-05,0.0
1,7.00944258300335e-05,0.0001
