Anomaly_IsoForest,mean,median
-1,1.0566641203703704,1.0135999999999998
1,0.7507891014316175,0.7038
