Anomaly_IsoForest,mean,median
-1,0.002874074074074074,0.0025
1,0.0026379287237282972,0.0025
