Anomaly_IsoForest,mean,median
-1,0.0067429398148148145,0.0068
1,0.006208303381053914,0.0063
