Anomaly_IsoForest,mean,median
-1,0.0004934027777777778,0.0005
1,0.000437837343892781,0.0004
