Anomaly_IsoForest,mean,median
-1,0.01793263888888889,0.0178
1,0.017152604325312213,0.0175
