Anomaly_IsoForest,mean,median
-1,13.105324074074074,13.0
1,12.736886993603411,12.0
