Anomaly_IsoForest,mean,median
-1,0.013306018518518517,0.0129
1,0.0150863539445629,0.0147
