Anomaly_IsoForest,mean,median
-1,0.0016310185185185186,0.0
1,0.0022401705756929634,0.0027
