Anomaly_IsoForest,mean,median
-1,0.02550925925925926,0.01
1,0.016062503807493148,0.01
