Anomaly_IsoForest,mean,median
-1,4158.306712962963,3841.5
1,7002.346816935729,5847.0
