Anomaly_IsoForest,mean,median
-1,5.36400462962963,5.0
1,5.004125494974109,5.0
