Anomaly_IsoForest,mean,median
-1,0.006221527777777778,0.0049
1,0.006098714590313737,0.0054
