Anomaly_IsoForest,mean,median
-1,0.3901581018518519,0.2105
1,0.17555359122753578,0.1811
