Anomaly_IsoForest,mean,median
-1,0.0005090277777777778,0.0004
1,0.00041293329272007315,0.0004
