Anomaly_IsoForest,mean,median
-1,164.7254375,165.9
1,163.91485519342064,163.296
