Anomaly_IsoForest,mean,median
-1,165.21803009259258,166.3
1,164.33420335059395,163.696
