Anomaly_IsoForest,mean,median
-1,1567.4108796296296,1565.0
1,1566.8071276271703,1567.0
