Anomaly_IsoForest,mean,median
-1,185.59490740740742,180.0
1,193.70484313128236,200.0
