Anomaly_IsoForest,mean,median
-1,1.6832060185185185,1.345
1,1.345380140115748,1.345
