Anomaly_IsoForest,mean,median
-1,1538.3564814814815,1537.0
1,1540.6241242765764,1541.0
