Anomaly_IsoForest,mean,median
-1,1539.6296296296296,1538.0
1,1541.1616204690831,1541.0
