Anomaly_IsoForest,mean,median
-1,0.0014427083333333332,0.0011
1,0.000941784952787085,0.0009
