Anomaly_IsoForest,mean,median
-1,0.0032328703703703703,0.0033
1,0.002438172403289674,0.0023
