Anomaly_IsoForest,mean,median
-1,2077.621527777778,2155.0
1,2129.7289064879683,2155.0
