Anomaly_IsoForest,mean,median
-1,291.9837962962963,260.0
1,357.32738349070974,350.0
