Anomaly_IsoForest,mean,median
-1,8.475694444444445,9.0
1,8.983429789826378,9.0
