Anomaly_IsoForest,mean,median
-1,254.54861111111111,240.0
1,316.6131586963144,320.0
