Anomaly_IsoForest,mean,median
-1,109.69212962962963,90.0
1,118.82674383186111,110.0
