Anomaly_IsoForest,mean,median
-1,163.11368287037038,163.8
1,163.38714206518426,163.296
