Anomaly_IsoForest,mean,median
-1,0.0010675925925925926,0.0
1,0.0009548705452330185,0.0
