,"Sn, %"
count,17279.0
mean,0.0004177382950402223
std,0.00033787201098637015
min,0.0001
25%,0.0004
50%,0.0004
75%,0.0004
max,0.0161
