{
  "micro_f1": 0.6789554531490015,
  "macro_f1": 0.6767775420953471,
  "hamming_loss": 0.10963455149501661,
  "thresholds": {
    "sadness": 0.51,
    "surprise": 0.52,
    "fear": 0.44000000000000006,
    "anger": 0.37,
    "neutral": 0.11,
    "trust": 0.32,
    "joy": 0.36
  },
  "per_label": {
    "sadness": {
      "precision": 0.7612903225806451,
      "recall": 0.7195121951219512,
      "f1": 0.7398119122257053,
      "support": 164,
      "threshold": 0.51
    },
    "surprise": {
      "precision": 0.6623376623376623,
      "recall": 0.5862068965517241,
      "f1": 0.6219512195121951,
      "support": 87,
      "threshold": 0.52
    },
    "fear": {
      "precision": 0.71875,
      "recall": 0.7040816326530612,
      "f1": 0.711340206185567,
      "support": 98,
      "threshold": 0.44000000000000006
    },
    "anger": {
      "precision": 0.7037037037037037,
      "recall": 0.7862068965517242,
      "f1": 0.742671009771987,
      "support": 145,
      "threshold": 0.37
    },
    "neutral": {
      "precision": 0.5160256410256411,
      "recall": 0.7666666666666667,
      "f1": 0.6168582375478927,
      "support": 210,
      "threshold": 0.11
    },
    "trust": {
      "precision": 0.5154639175257731,
      "recall": 0.5319148936170213,
      "f1": 0.5235602094240838,
      "support": 94,
      "threshold": 0.32
    },
    "joy": {
      "precision": 0.78125,
      "recall": 0.78125,
      "f1": 0.78125,
      "support": 128,
      "threshold": 0.36
    }
  }
}