,"Ti, %"
count,17279.0
mean,0.0009668325713293593
std,0.0002975730191700554
min,0.0005
25%,0.0008
50%,0.0009
75%,0.0011
max,0.007
