,"As, %"
count,17279.0
mean,0.0010345448231957868
std,0.0004518761416619742
min,0.0001
25%,0.0008
50%,0.001
75%,0.0013
max,0.015
