,"steel_weight, tonn"
count,17279.0
mean,163.95538665432028
std,5.255968063486892
min,110.835
25%,160.096
50%,163.296
75%,166.32
max,188.9
