,"Zn, %"
count,17279.0
mean,0.0009605069737832052
std,0.0011784314394229303
min,0.0
25%,0.0
50%,0.0
75%,0.0018
max,0.0078
