,"water_consumption, liter/minute"
count,17279.0
mean,2127.1233867700676
std,71.81219354191484
min,1255.0
25%,2155.0
50%,2155.0
75%,2155.0
max,2155.0
