,"steel_temperature_grab1, Celsius deg."
count,17279.0
mean,1566.837316974362
std,23.872696598820752
min,567.0
25%,1563.0
50%,1567.0
75%,1570.0
max,1667.0
