,"Mo, %"
count,17279.0
mean,0.0026497366745760753
std,0.0015908137927128326
min,0.0001
25%,0.0016
50%,0.0025
75%,0.0032
max,0.0188
