,"Cu, %"
count,17279.0
mean,0.03465588286359164
std,0.010083962308489606
min,0.0075
25%,0.0295
50%,0.0361
75%,0.0415
max,0.084
