{
  "accuracy": 0.881482,
  "precision": 0.880553,
  "recall": 0.882667,
  "f1": 0.881609
}
