,"technical_trim, tonn"
count,17279.0
mean,1.3622724115978935
std,0.7163963959185686
min,0.61
25%,1.345
50%,1.345
75%,1.345
max,32.5
