,"Ni, %"
count,17279.0
mean,0.01719160831066613
std,0.0066734174683135425
min,0.0017
25%,0.0143
50%,0.0175
75%,0.0207
max,0.0889
