,"quantity, tonn_scaled"
count,17503.0
mean,2.151701033476201e-10
std,1.0000285677154814
min,-0.390146921
25%,-0.133962796
50%,-0.133962796
75%,-0.133962796
max,20.104583084240257
