,"swing_frequency, amount/minute"
count,17279.0
mean,193.29932287748133
std,11.882965924262125
min,150.0
25%,185.0
50%,200.0
75%,200.0
max,220.0
