,"workpiece_weight, tonn"
count,17279.0
mean,163.37346831413853
std,5.71126859997764
min,73.779
25%,159.744
50%,163.296
75%,165.9
max,184.32
