,"resistance, tonn_scaled"
count,17503.0
mean,-8.92938970779204e-12
std,1.0000285677561425
min,-0.074750394
25%,-0.04226674
50%,-0.012100982
75%,0.0188815582249045
max,93.44831559878088
