,"Si, %"
count,17279.0
mean,0.1862844377568146
std,0.07071915924305121
min,0.1041
25%,0.1564
50%,0.1815
75%,0.1921
max,0.6786
