,"resistance, tonn"
count,17279.0
mean,6860.136581978124
std,91184.11169402668
min,24.0
25%,3083.0
50%,5733.0
75%,8518.5
max,8473135.0
