,"Mg, %"
count,17279.0
mean,7.036286822154062e-05
std,7.677099347455372e-05
min,0.0
25%,0.0
50%,0.0001
75%,0.0001
max,0.001
