,"temperature_measurement2, Celsius deg."
count,17279.0
mean,1540.5107355749753
std,7.4701232234896775
min,1518.0
25%,1538.0
50%,1541.0
75%,1543.0
max,1938.0
